{
    "config": "/home/wzx/dtpcode/work_dirs/custom-configs/night_day_large_op-_noclip_uniform_ohem/night_day_large_op-_noclip_uniform_ohem.py",
    "metric": {
        "aAcc": 0.9136,
        "mIoU": 0.6487999999999999,
        "mAcc": 0.7646999999999999,
        "IoU.road": 0.9333000183105469,
        "IoU.sidewalk": 0.5988999938964844,
        "IoU.building": 0.8729000091552734,
        "IoU.wall": 0.537599983215332,
        "IoU.fence": 0.5808000183105468,
        "IoU.pole": 0.4093000030517578,
        "IoU.traffic light": 0.4991999816894531,
        "IoU.traffic sign": 0.647300033569336,
        "IoU.vegetation": 0.664000015258789,
        "IoU.terrain": 0.2877000045776367,
        "IoU.sky": 0.9094999694824218,
        "IoU.person": 0.6808999633789062,
        "IoU.rider": 0.47009998321533203,
        "IoU.car": 0.8937000274658203,
        "IoU.truck": 0.8105000305175781,
        "IoU.bus": 0.8443000030517578,
        "IoU.train": 0.6358000183105469,
        "IoU.motorcycle": 0.5309000015258789,
        "IoU.bicycle": 0.5209000015258789,
        "Acc.road": 0.9573999786376953,
        "Acc.sidewalk": 0.7791000366210937,
        "Acc.building": 0.9312999725341797,
        "Acc.wall": 0.7725,
        "Acc.fence": 0.6919999694824219,
        "Acc.pole": 0.5161000061035156,
        "Acc.traffic light": 0.6730000305175782,
        "Acc.traffic sign": 0.8043000030517579,
        "Acc.vegetation": 0.8009999847412109,
        "Acc.terrain": 0.39630001068115234,
        "Acc.sky": 0.9620999908447265,
        "Acc.person": 0.8287000274658203,
        "Acc.rider": 0.617599983215332,
        "Acc.car": 0.954800033569336,
        "Acc.truck": 0.8894000244140625,
        "Acc.bus": 0.9387000274658203,
        "Acc.train": 0.6713999938964844,
        "Acc.motorcycle": 0.6588999938964843,
        "Acc.bicycle": 0.6855999755859375
    }
}