{
    "metric": {
        "aAcc": 0.9109,
        "mIoU": 0.6418,
        "mAcc": 0.7598,
        "IoU.road": 0.9315000152587891,
        "IoU.sidewalk": 0.5961000061035157,
        "IoU.building": 0.8688999938964844,
        "IoU.wall": 0.534000015258789,
        "IoU.fence": 0.5640999984741211,
        "IoU.pole": 0.414900016784668,
        "IoU.traffic light": 0.49709999084472656,
        "IoU.traffic sign": 0.6759999847412109,
        "IoU.vegetation": 0.6573999786376953,
        "IoU.terrain": 0.28030000686645506,
        "IoU.sky": 0.9063999938964844,
        "IoU.person": 0.6670999908447266,
        "IoU.rider": 0.4383000183105469,
        "IoU.car": 0.8962000274658203,
        "IoU.truck": 0.8131999969482422,
        "IoU.bus": 0.8290000152587891,
        "IoU.train": 0.6336999893188476,
        "IoU.motorcycle": 0.48020000457763673,
        "IoU.bicycle": 0.51,
        "Acc.road": 0.9579000091552734,
        "Acc.sidewalk": 0.7548999786376953,
        "Acc.building": 0.9233999633789063,
        "Acc.wall": 0.7711000061035156,
        "Acc.fence": 0.6991000366210938,
        "Acc.pole": 0.5431999969482422,
        "Acc.traffic light": 0.6547000122070312,
        "Acc.traffic sign": 0.7977999877929688,
        "Acc.vegetation": 0.8147000122070313,
        "Acc.terrain": 0.4077000045776367,
        "Acc.sky": 0.9613999938964843,
        "Acc.person": 0.7844999694824218,
        "Acc.rider": 0.647300033569336,
        "Acc.car": 0.9480000305175781,
        "Acc.truck": 0.8648999786376953,
        "Acc.bus": 0.9212999725341797,
        "Acc.train": 0.6647000122070312,
        "Acc.motorcycle": 0.6568000030517578,
        "Acc.bicycle": 0.6631999969482422
    }
}